year,player,team,marcel_woba,stan_woba,actual_woba,actual_PA
2022,ウィーラー,巨人,0.34995,0.35094277568250004,0.297287016801275,64
2022,エチェバリア,ロッテ,0.25243,0.257705352045,0.2508575582449148,257
2022,オスナ,ヤクルト,0.31226,0.3172081740625,0.337446260597625,529
2022,グラシアル,ソフトバンク,0.37737,0.3790196668025,0.3303735416609377,386
2022,サンタナ,ヤクルト,0.38559,0.38187454751,0.4005804240832714,215
2022,ソト,DeNA,0.35741,0.3551372820475,0.3674133207866237,412
2022,デスパイネ,ソフトバンク,0.37229,0.3667600176575,0.3544379056605495,331
2022,ビシエド,中日,0.35663,0.362246732925,0.359599509403895,532
2022,マルテ,阪神,0.36725,0.3651739955025,0.291749001010657,102
2022,マーティン,ロッテ,0.38289,0.37496247991500004,0.2900716306081848,266
2022,リチャード,ソフトバンク,0.29635,0.2930277417025,0.2613285220437701,70
2022,レアード,ロッテ,0.35455,0.3537156489225,0.2607338110701407,396
2022,ロハス・ジュニア,阪神,0.30491,0.3019209862875,0.3356742175700375,211
2022,万波 中正,日本ハム,0.29192,0.287164713675,0.2813380181828263,314
2022,三ツ俣 大樹,中日,0.27882,0.281665990105,0.2766171892572185,154
2022,三森 大貴,ソフトバンク,0.26953,0.27270466795,0.3129478658607486,437
2022,上本 崇司,広島,0.30834,0.3114919438225,0.3467046249930568,300
2022,上林 誠知,ソフトバンク,0.2726,0.27370846814000005,0.3379120923095615,100
2022,中島 卓也,日本ハム,0.25112,0.24716066910749998,0.25473820748129,150
2022,中島 宏之,巨人,0.33974,0.3437191250450001,0.3005701407261963,111
2022,中川 圭太,オリックス,0.27016,0.27603954735249997,0.3426372158331231,468
2022,中村 剛也,西武,0.35531,0.35344889800249996,0.270877753348588,294
2022,中村 奨吾,ロッテ,0.34038,0.33931913986,0.3429044925336808,596
2022,中村 奨成,広島,0.35511,0.34881620010000003,0.1985697847068308,58
2022,中村 悠平,ヤクルト,0.32675,0.327312402655,0.3204812747366128,307
2022,中村 晃,ソフトバンク,0.32121,0.32169412202000003,0.3177674125217318,435
2022,中田 翔,巨人,0.3433,0.3356510073725,0.3710477876065737,375
2022,中田 翔,巨人,0.3433,0.3420233420475,0.3710477876065737,375
2022,中野 拓夢,阪神,0.29952,0.30389048417750003,0.2945304905253114,610
2022,丸 佳浩,巨人,0.39424,0.3866079826875,0.3878219036291825,607
2022,井上 晴哉,ロッテ,0.34682,0.35443011530750007,0.3498122866460919,232
2022,京田 陽太,中日,0.2883,0.29277478849,0.2547134446629632,143
2022,今宮 健太,ソフトバンク,0.29085,0.2946864181575,0.3470481817502456,510
2022,伊藤 光,DeNA,0.30714,0.30547253455500006,0.3194026412024282,103
2022,伏見 寅威,オリックス,0.28432,0.28909385379,0.280916251970454,235
2022,佐藤 輝明,阪神,0.33234,0.32631756593,0.3560915656399093,603
2022,佐藤 都志也,ロッテ,0.30018,0.29976364521250004,0.2623720623789073,402
2022,佐藤 龍世,日本ハム,0.27351,0.2686362592525,0.1655678997253403,106
2022,佐野 恵太,DeNA,0.38415,0.38643290274250003,0.3835116898126198,574
2022,佐野 皓大,オリックス,0.24061,0.2420256984975,0.2666978400375476,118
2022,倉本 寿彦,DeNA,0.27854,0.2818251021875,0.1915772519718293,54
2022,北村 拓己,巨人,0.32257,0.3196168268675,0.2000802474438468,55
2022,原口 文仁,阪神,0.31738,0.3166973239125,0.3737403474905359,83
2022,古賀 優大,ヤクルト,0.25297,0.26052395207000006,0.1926738352248929,77
2022,吉川 尚輝,巨人,0.32222,0.3272798598675,0.3235243431124965,567
2022,吉田 正尚,オリックス,0.43018,0.4329016085925,0.4481404738293776,508
2022,呉 念庭,西武,0.30358,0.30536655851250005,0.3037674257260321,301
2022,周東 佑京,ソフトバンク,0.27869,0.27742769696,0.3151550819201549,318
2022,坂倉 将吾,広島,0.36658,0.368095301595,0.351951218758098,599
2022,坂本 勇人,巨人,0.39341,0.39095572547249996,0.3518087103376257,352
2022,坂本 誠志郎,阪神,0.27807,0.275165589935,0.2448878936806738,151
2022,堂林 翔太,広島,0.3145,0.317927816225,0.3056134867752569,274
2022,塩見 泰隆,ヤクルト,0.35629,0.35136474088,0.3598244716502335,567
2022,外崎 修汰,西武,0.33354,0.3315134192025,0.2992574640742216,547
2022,大和,DeNA,0.29271,0.29649735717750003,0.2676823082877641,277
2022,大城 卓三,巨人,0.31977,0.3191314772,0.3446560392937691,393
2022,大城 滉二,オリックス,0.27356,0.27705405921,0.3204074415819919,110
2022,大山 悠輔,阪神,0.35413,0.356154831425,0.3730075684079095,510
2022,大島 洋平,中日,0.33517,0.3407204383175,0.3439038238056924,482
2022,大田 泰示,日本ハム,0.3179,0.317113486385,0.3452124225042521,153
2022,太田 光,楽天,0.26337,0.2639064396225,0.3004021998374839,182
2022,太田 椋,オリックス,0.24991,0.2511865753175,0.2481113740788234,101
2022,太田 賢吾,ヤクルト,0.28675,0.2870453439525,0.3115836942359973,131
2022,宇佐見 真吾,日本ハム,0.23309,0.22441079445,0.3026901939465562,237
2022,宇草 孔基,広島,0.33965,0.340342097325,0.2576973323605083,98
2022,安田 尚憲,ロッテ,0.31021,0.3077617940475,0.3389383041024031,440
2022,安達 了一,オリックス,0.31853,0.31663895312,0.3146667041142628,243
2022,宗 佑磨,オリックス,0.32164,0.3273901266225,0.3215743087013035,537
2022,宮崎 敏郎,DeNA,0.35726,0.3630228391775,0.3767797282874031,482
2022,宮本 丈,ヤクルト,0.34414,0.344233211235,0.3106890399325268,134
2022,小園 海斗,広島,0.30928,0.3176937410575,0.299443851393006,511
2022,小林 誠司,巨人,0.23219,0.23327885057499997,0.1634101163732416,91
2022,小深田 大翔,楽天,0.31834,0.31971969177250004,0.3085707451509201,479
2022,山口 航輝,ロッテ,0.30576,0.3019100198525,0.3273672698196021,349
2022,山崎 剛,楽天,0.32788,0.3277463958175,0.2845766858023755,218
2022,山崎 晃大朗,ヤクルト,0.29677,0.296386843355,0.2953756616649916,378
2022,山川 穂高,西武,0.37324,0.36935024380000003,0.4229686171329165,528
2022,山本 泰寛,阪神,0.30516,0.3023088726125,0.2741249441741978,203
2022,山田 哲人,ヤクルト,0.38963,0.3867671195175,0.3561466660761935,540
2022,山田 遥楓,西武,0.25316,0.2520280199175,0.2365268587845642,93
2022,岡 大海,ロッテ,0.31151,0.31029405844749997,0.3219051867202574,248
2022,岡島 豪郎,楽天,0.32769,0.33062656622,0.2746411184497236,199
2022,岡本 和真,巨人,0.38457,0.38416047224750005,0.3635559426434164,589
2022,岡林 勇希,中日,0.28476,0.28989425814,0.3190415524958004,608
2022,岸 潤一郎,西武,0.28128,0.2875032750225,0.294828254996924,83
2022,島内 宏明,楽天,0.36643,0.36216556245250003,0.3742345207741432,613
2022,島田 海吏,阪神,0.28679,0.28983757031749996,0.2781995333483086,339
2022,嶺井 博希,DeNA,0.28398,0.2820760065324999,0.2434393285275704,262
2022,川端 慎吾,ヤクルト,0.33847,0.34032236250750003,0.2044856950527771,64
2022,川越 誠司,西武,0.2874,0.286060030205,0.3343669433363871,159
2022,平沼 翔太,日本ハム,0.27984,0.2782617338525,0.3250726879087012,88
2022,平田 良介,中日,0.319,0.32139759737499995,0.2630832399640601,83
2022,廣岡 大志,巨人,0.31786,0.31910256393750003,0.2739016402503191,60
2022,愛斗,西武,0.28223,0.28615563896,0.2863011799378231,393
2022,戸柱 恭孝,DeNA,0.26339,0.2708991268725,0.2965166313360933,151
2022,戸郷 翔征,巨人,0.21387,0.209439468005,0.1088537778047932,56
2022,會沢 翼,広島,0.34975,0.3518079932475,0.2575901865003938,325
2022,木下 拓哉,中日,0.32833,0.33014035283250004,0.2867775499083402,466
2022,木村 文紀,日本ハム,0.29352,0.29032495154500004,0.2294921157853168,101
2022,木浪 聖也,阪神,0.29457,0.299255535665,0.2469615569439868,101
2022,杉本 裕太郎,オリックス,0.38684,0.3851594855,0.331705697034953,433
2022,杉谷 拳士,日本ハム,0.28645,0.28011185229,0.2004846707792973,109
2022,村上 宗隆,ヤクルト,0.41635,0.407926836285,0.506518527671574,612
2022,松原 聖弥,巨人,0.33312,0.3328656857675,0.150530737598862,76
2022,松山 竜平,広島,0.3191,0.3226077029075,0.2600964860571834,166
2022,松本 剛,日本ハム,0.27608,0.2799611655425,0.3790456769237837,445
2022,松田 宣浩,ソフトバンク,0.32069,0.32306605086,0.2336735759046016,106
2022,柘植 世那,西武,0.26995,0.27041805396749996,0.2062995222429152,118
2022,柳 裕也,中日,0.21715,0.21436814708,0.098988076531731,50
2022,柳田 悠岐,ソフトバンク,0.43152,0.428333077825,0.3715773797814504,491
2022,柳町 達,ソフトバンク,0.3102,0.30826891994249994,0.327329474798893,364
2022,柴田 竜拓,DeNA,0.3142,0.31531802634999995,0.2514342447373489,198
2022,栗山 巧,西武,0.32525,0.32610383194500003,0.313937759083536,267
2022,桑原 将志,DeNA,0.363,0.36657700794000003,0.3113004337825474,529
2022,梅野 隆太郎,阪神,0.30746,0.305263862755,0.2735169669454163,331
2022,森 友哉,西武,0.3848,0.38231842946999994,0.3286652479176651,412
2022,森 敬斗,DeNA,0.25707,0.255743874115,0.2737544764776517,168
2022,森下 暢仁,広島,0.17567,0.1749824773675,0.2081594511355547,65
2022,楠本 泰史,DeNA,0.30945,0.310590141175,0.3150732086472181,327
2022,浅村 栄斗,楽天,0.39367,0.3880003940725,0.3664496574775331,633
2022,淺間 大基,日本ハム,0.29045,0.28930077601999993,0.2819956567843522,240
2022,清水 優心,日本ハム,0.28165,0.2777347970825,0.1994824933585102,67
2022,渡辺 佳明,楽天,0.28181,0.281969379165,0.273350206518949,168
2022,渡邉 諒,日本ハム,0.32061,0.318734617985,0.2929293895191716,64
2022,源田 壮亮,西武,0.30453,0.3096168831375,0.3010552854205887,456
2022,炭谷 銀仁朗,巨人,0.27589,0.271260538255,0.276580158412596,288
2022,炭谷 銀仁朗,巨人,0.27589,0.27834713891,0.276580158412596,288
2022,牧 秀悟,DeNA,0.38975,0.3940471248925,0.3840167566663623,568
2022,牧原 大成,ソフトバンク,0.27979,0.28671371903000004,0.3334511389641357,441
2022,田中 和基,楽天,0.28472,0.28101596309750004,0.2238483161718798,70
2022,甲斐 拓也,ソフトバンク,0.31603,0.31073856433499997,0.242975210908215,405
2022,石井 一成,日本ハム,0.27466,0.27251938415750004,0.2987718379492509,328
2022,石川 亮,日本ハム,0.22172,0.22725945816,0.1657065895391494,52
2022,神里 和毅,DeNA,0.32038,0.3130897592275,0.277913694111728,107
2022,福田 周平,オリックス,0.31549,0.31882493898250003,0.3009223415648512,502
2022,糸井 嘉男,阪神,0.33926,0.33467790539,0.2830311730513576,182
2022,糸原 健斗,阪神,0.3234,0.3266793935825,0.2822678403187031,495
2022,紅林 弘太郎,オリックス,0.27396,0.2781326166525,0.2726138030074738,495
2022,羽月 隆太郎,広島,0.30707,0.307193364705,0.2785719463425362,99
2022,若月 健矢,オリックス,0.26966,0.27027244472999995,0.3268290632709291,193
2022,若林 晃弘,巨人,0.3075,0.30719369251,0.2356933490225881,91
2022,若林 楽人,西武,0.32998,0.32913917755250005,0.2225773973291322,95
2022,茂木 栄五郎,楽天,0.35781,0.35465480672,0.3159494366525248,268
2022,荻野 貴司,ロッテ,0.36089,0.36504830200500005,0.3668546768250639,373
2022,菅野 剛士,ロッテ,0.32693,0.3251490590325,0.2691142882876683,93
2022,菊池 涼介,広島,0.33671,0.33899041337249997,0.2999470468791486,522
2022,藤原 恭大,ロッテ,0.30577,0.30427432295749995,0.2483137418945546,126
2022,藤岡 裕大,ロッテ,0.29934,0.299742232435,0.219767120940699,81
2022,西川 遥輝,日本ハム,0.35136,0.34538211252999995,0.3214583383029863,451
2022,西川 龍馬,広島,0.34238,0.34699608087750006,0.3708033255675502,424
2022,角中 勝也,ロッテ,0.31994,0.3184878926475,0.2846515350095829,138
2022,谷川原 健太,ソフトバンク,0.27137,0.26013443291750005,0.3142028111956663,75
2022,辰己 涼介,楽天,0.30715,0.3032495963775,0.3473106677688398,476
2022,近本 光司,阪神,0.3402,0.34742637522500003,0.3256574254194342,580
2022,近藤 健介,日本ハム,0.39861,0.3939755738675,0.4004587968757987,396
2022,郡 拓也,日本ハム,0.26582,0.26160707851500004,0.2111557487128758,63
2022,重信 慎之介,巨人,0.29955,0.29487530339500007,0.2455765063869815,128
2022,野村 佑希,日本ハム,0.30666,0.3088529402025,0.3264812286036481,368
2022,野間 峻祥,広島,0.29937,0.30524668375499997,0.3379871976303949,338
2022,金子 侑司,西武,0.2724,0.275769318465,0.3157316369157248,128
2022,鈴木 大地,楽天,0.34356,0.34896151217500004,0.3202269793531519,477
2022,銀次,楽天,0.32041,0.3204386928075,0.2926731996734525,271
2022,長野 久義,広島,0.32987,0.3276764525475,0.2727985486145072,134
2022,関根 大気,DeNA,0.2815,0.28322118308250005,0.2783596758381476,225
2022,阿部 寿樹,中日,0.31352,0.3160580818675,0.3345520594057823,548
2022,陽川 尚将,阪神,0.31251,0.30693854541000004,0.353984153350604,75
2022,青木 宣親,ヤクルト,0.37176,0.376599836635,0.3221416316695684,256
2022,青柳 晃洋,阪神,0.23649,0.22839446348499998,0.138735207006109,54
2022,頓宮 裕真,オリックス,0.29952,0.29513722082,0.3378793012283088,271
2022,高橋 周平,中日,0.33124,0.3338797474,0.2861793394155213,290
2022,高部 瑛斗,ロッテ,0.25985,0.2547172699825,0.3062446371857479,608
2022,黒川 史陽,楽天,0.25597,0.25916107170999997,0.2665222136526119,71
2022,Ａ．マルティネス,中日,0.33624,0.32866971889749996,0.3570432804838043,286
2022,Ｔ－岡田,オリックス,0.34041,0.339542148965,0.2071274535025512,95
2023,アルカンタラ,日本ハム,0.30053,0.29637403809249996,0.2867514808773409,125
2023,ウォーカー,巨人,0.36053,0.362575031125,0.3378534847113476,120
2023,オスナ,ヤクルト,0.32591,0.3293237420125,0.3375750742516287,543
2023,サンタナ,ヤクルト,0.3898,0.38123935361499994,0.381455926857531,516
2023,ソト,DeNA,0.35083,0.3476485974575,0.3345945148665697,399
2023,ビシエド,中日,0.35093,0.3556084105075,0.2997277726749681,347
2023,ポランコ,巨人,0.34015,0.3385746967925,0.3450286905446671,497
2023,マクブルーム,広島,0.35733,0.3552861540725,0.3050455738265205,259
2023,リチャード,ソフトバンク,0.28413,0.27392643853750004,0.1404295542071288,64
2023,万波 中正,日本ハム,0.28472,0.2812018033925,0.3558093593031046,582
2023,三森 大貴,ソフトバンク,0.29516,0.29734835779749996,0.29261129421338,316
2023,上川畑 大悟,日本ハム,0.33069,0.334048457445,0.2645136546436117,346
2023,上本 崇司,広島,0.33495,0.3404175412675,0.2937547358405425,276
2023,上林 誠知,ソフトバンク,0.29266,0.2975248161275,0.2105882632567521,99
2023,中山 礼都,巨人,0.23076,0.2345787762475,0.2619754340171484,147
2023,中川 圭太,オリックス,0.30352,0.30719414323750005,0.3433044343669991,563
2023,中村 剛也,西武,0.31644,0.31665139874,0.3699479039781097,322
2023,中村 奨吾,ロッテ,0.34609,0.3456433295475,0.2945456696250385,584
2023,中村 悠平,ヤクルト,0.31823,0.3218089129375001,0.2940562624492958,376
2023,中村 晃,ソフトバンク,0.32071,0.3230166083825,0.3225085194110173,585
2023,中田 翔,巨人,0.35377,0.354979464325,0.3451482453691976,288
2023,中野 拓夢,阪神,0.29663,0.3035699065675,0.3217210891488762,660
2023,丸 佳浩,巨人,0.39054,0.3888449069075,0.3333309445312271,431
2023,丸山 和郁,ヤクルト,0.27629,0.27970219946499997,0.2389737616102817,106
2023,井上 晴哉,ロッテ,0.33726,0.3320937580899999,0.2494619455693876,106
2023,京田 陽太,中日,0.28459,0.288056783095,0.2677148974686343,287
2023,今宮 健太,ソフトバンク,0.31243,0.31602676256250006,0.3061710149931351,484
2023,今川 優馬,日本ハム,0.30889,0.30939870347500004,0.2489121789173256,69
2023,伊藤 光,DeNA,0.29811,0.29739516754500006,0.2638014198564459,176
2023,伏見 寅威,オリックス,0.28524,0.290281822075,0.234921166699337,251
2023,佐藤 輝明,阪神,0.34625,0.34476952296499996,0.3757902217641846,548
2023,佐藤 都志也,ロッテ,0.27654,0.28105285397,0.2867060167079875,278
2023,佐藤 龍世,日本ハム,0.22283,0.22339340636,0.3608331994461306,257
2023,佐野 恵太,DeNA,0.38594,0.391176580355,0.3260104497348861,613
2023,内山 壮真,ヤクルト,0.30569,0.302799383915,0.30016468662931,269
2023,原口 文仁,阪神,0.34164,0.34583393966250003,0.2675467113680328,56
2023,古賀 優大,ヤクルト,0.23305,0.240430114245,0.3434151458487674,80
2023,古賀 悠斗,西武,0.2707,0.2657259108325,0.2810833301040377,282
2023,吉川 尚輝,巨人,0.32249,0.32956273777499995,0.310169743097378,478
2023,呉 念庭,西武,0.30358,0.30105017793750005,0.2944640856153447,92
2023,周東 佑京,ソフトバンク,0.29856,0.30074161753,0.2836395221511339,268
2023,坂倉 将吾,広島,0.36114,0.36456056998,0.3481518336152903,448
2023,坂本 勇人,巨人,0.36913,0.3659406059425,0.3970329752340117,455
2023,坂本 誠志郎,阪神,0.26198,0.2629075340675,0.2571853028849302,289
2023,堂林 翔太,広島,0.30967,0.30863564327,0.3549041527420889,284
2023,塩見 泰隆,ヤクルト,0.36154,0.3613556321825,0.3942296504201236,209
2023,外崎 修汰,西武,0.30597,0.304550453305,0.3389607932209523,571
2023,大和,DeNA,0.28931,0.294594399725,0.2527510269320007,230
2023,大城 卓三,巨人,0.32882,0.3281852560375,0.3571646412052435,490
2023,大城 滉二,オリックス,0.2698,0.26623638296,0.2809418731974241,51
2023,大山 悠輔,阪神,0.36831,0.3653539845,0.3933965283301361,625
2023,大島 洋平,中日,0.33565,0.3408619567875,0.2987224708584649,494
2023,大田 泰示,DeNA,0.31205,0.31494860038999994,0.282936442860233,186
2023,大盛 穂,広島,0.30429,0.303449120735,0.2021628964678284,71
2023,太田 光,楽天,0.27655,0.27127782134,0.3267579726620331,233
2023,太田 椋,オリックス,0.24961,0.2506972623525,0.3312258197813127,70
2023,宇佐見 真吾,日本ハム,0.27255,0.2762538978725,0.3223269932899549,226
2023,安田 尚憲,ロッテ,0.32194,0.32042194411999997,0.314148355926707,472
2023,安達 了一,オリックス,0.31558,0.3139450140499999,0.209881303675117,68
2023,宗 佑磨,オリックス,0.32029,0.32239646140999995,0.2911239641532133,478
2023,宮崎 敏郎,DeNA,0.36627,0.371348143725,0.4192577490780402,461
2023,宮本 丈,ヤクルト,0.33026,0.336204364795,0.3179025478629529,123
2023,小園 海斗,広島,0.30933,0.31465846347749993,0.3377491243489974,306
2023,小幡 竜平,阪神,0.24258,0.24316202070999998,0.3142420394076556,91
2023,小深田 大翔,楽天,0.31371,0.31707057141250006,0.3087194530278958,549
2023,山口 航輝,ロッテ,0.31878,0.31826176808750006,0.3192892874349077,474
2023,山崎 剛,楽天,0.30436,0.30418549243500004,0.2820236725786267,307
2023,山崎 晃大朗,ヤクルト,0.29616,0.2990153958075,0.2595420445527816,153
2023,山川 穂高,西武,0.38775,0.38303933653,0.2820426653507042,62
2023,山田 哲人,ヤクルト,0.3675,0.36229010297500003,0.3277579553426819,422
2023,岡 大海,ロッテ,0.3128,0.31034889948,0.3639126238377307,372
2023,岡島 豪郎,楽天,0.31239,0.3180415302875,0.3202690759075375,410
2023,岡本 和真,巨人,0.37832,0.3787779766525,0.4246913199060702,589
2023,岡林 勇希,中日,0.31473,0.32177311869999997,0.3157011231975294,633
2023,岸 潤一郎,西武,0.28438,0.2904402848975,0.2618536554341992,197
2023,島内 宏明,楽天,0.37198,0.373263821025,0.3123806894432032,369
2023,島田 海吏,阪神,0.28031,0.2851099883875,0.1994045554306082,121
2023,川瀬 晃,ソフトバンク,0.27738,0.278013058745,0.2710192133960083,208
2023,川端 慎吾,ヤクルト,0.31458,0.32040523465000004,0.3690506168011626,105
2023,平沼 翔太,西武,0.29227,0.29050056285,0.294260870399258,110
2023,廣岡 大志,巨人,0.30434,0.29831723489,0.281553059288499,103
2023,後藤 駿太,中日,0.25022,0.25259001554,0.2422986139457291,51
2023,後藤 駿太,中日,0.25022,0.24982692538,0.2422986139457291,51
2023,愛斗,西武,0.28902,0.29481914225000005,0.2520898616027786,267
2023,戸柱 恭孝,DeNA,0.27565,0.2821958442,0.3142008675240357,181
2023,戸郷 翔征,巨人,0.17596,0.16920770898,0.1225615210388135,55
2023,會沢 翼,広島,0.29716,0.3003750217025,0.2392117042869597,133
2023,木下 拓哉,中日,0.31,0.31749532958500004,0.306509824674057,315
2023,木浪 聖也,阪神,0.2824,0.285696826105,0.3018457957034988,470
2023,末包 昇大,広島,0.32304,0.32662286555,0.3847207133011266,146
2023,杉本 裕太郎,オリックス,0.36582,0.35977764729,0.3285713236986423,370
2023,村上 宗隆,ヤクルト,0.46368,0.45384953148249996,0.3961837236396806,597
2023,松山 竜平,広島,0.30282,0.30725814181500005,0.2851300650651103,156
2023,松本 剛,日本ハム,0.3454,0.35111823734250003,0.3097356516240623,561
2023,柘植 世那,西武,0.23597,0.2363698444325,0.2007443048906814,137
2023,柳田 悠岐,ソフトバンク,0.4084,0.40718664268249993,0.3897558150228212,625
2023,柳町 達,ソフトバンク,0.32384,0.3211468695825,0.3329893385147369,375
2023,柴田 竜拓,DeNA,0.29249,0.29333797627249997,0.2587150723520006,66
2023,栗山 巧,西武,0.32345,0.32246909543749996,0.337979508510057,191
2023,桑原 将志,DeNA,0.34156,0.343237569875,0.3076642872905318,479
2023,梅野 隆太郎,阪神,0.29091,0.2886652156875,0.2514419578682095,251
2023,森 友哉,西武,0.35474,0.35508178639250004,0.4012166251583163,453
2023,楠本 泰史,DeNA,0.31544,0.3178882100925,0.2513941870013209,176
2023,浅村 栄斗,楽天,0.38183,0.3756911370825,0.3790767323177781,601
2023,清宮 幸太郎,日本ハム,0.32203,0.31861715102,0.3397533527575943,416
2023,清水 優心,日本ハム,0.25991,0.26449146637500004,0.2807268262394534,60
2023,渡辺 佳明,楽天,0.28678,0.2903039105375,0.1849064290720457,57
2023,渡邉 諒,日本ハム,0.31524,0.31518614549249996,0.2416629804110112,85
2023,源田 壮亮,西武,0.30291,0.3062189311,0.2830650411172393,435
2023,濱田 太貴,ヤクルト,0.27961,0.28174866315999997,0.2997867776722332,276
2023,炭谷 銀仁朗,楽天,0.26859,0.2711331121575,0.2422627342442674,145
2023,牧 秀悟,DeNA,0.38582,0.3889115968375,0.3863079981071993,605
2023,牧原 大成,ソフトバンク,0.31402,0.319689232365,0.276925201097132,387
2023,甲斐 拓也,ソフトバンク,0.28367,0.28220344063,0.2787510295227005,420
2023,矢野 雅哉,広島,0.28411,0.2802530637975,0.2310648311481633,146
2023,石井 一成,日本ハム,0.28409,0.28609078214500006,0.263824462055636,100
2023,石川 昂弥,中日,0.30348,0.305955456245,0.3064426468924949,464
2023,石橋 康太,中日,0.25285,0.25999569664750005,0.3118512467798593,77
2023,神里 和毅,DeNA,0.30156,0.3001836066725,0.2148607405454214,53
2023,福田 周平,オリックス,0.31126,0.3174302615275,0.2555418602413118,114
2023,秋山 翔吾,広島,0.33507,0.3368675857175,0.3263256640150673,483
2023,糸原 健斗,阪神,0.30515,0.31085098193500005,0.2879201947111828,83
2023,紅林 弘太郎,オリックス,0.2734,0.278500987025,0.3178515084630667,482
2023,羽月 隆太郎,広島,0.29446,0.29928519186749997,0.1896714169302406,53
2023,若月 健矢,オリックス,0.31119,0.31528169758749996,0.3056153072824838,318
2023,若林 楽人,西武,0.29018,0.28627625245750005,0.2783886211575352,94
2023,茶谷 健太,ロッテ,0.30399,0.303880892915,0.3085821796987126,187
2023,荻野 貴司,ロッテ,0.35896,0.36459890212999996,0.2865524808288591,203
2023,菊池 涼介,広島,0.3244,0.3304869393025,0.2974810557206834,485
2023,藤原 恭大,ロッテ,0.28866,0.29035415583499996,0.2810080414921844,361
2023,藤岡 裕大,ロッテ,0.29113,0.29029185907,0.3505697344233557,380
2023,蝦名 達夫,DeNA,0.30404,0.30456941138500004,0.2000106483042575,51
2023,西川 遥輝,楽天,0.33773,0.330578842385,0.269278405292745,87
2023,西川 龍馬,広島,0.35176,0.35388072667,0.344356348006002,443
2023,西野 真弘,オリックス,0.30709,0.31342908771249994,0.2425673520104363,138
2023,角中 勝也,ロッテ,0.30539,0.30433344295000003,0.3858156580642993,244
2023,谷内 亮太,日本ハム,0.30314,0.3086201923125,0.231552216218658,88
2023,辰己 涼介,楽天,0.3272,0.32590765941999994,0.3359841797909755,495
2023,近本 光司,阪神,0.34047,0.3456352342825,0.3706890656683901,585
2023,近藤 健介,日本ハム,0.40332,0.40011161027500003,0.4326240365515874,613
2023,重信 慎之介,巨人,0.2744,0.2751819732275,0.1946300278953303,57
2023,野口 智哉,オリックス,0.27201,0.26814677511,0.2965319692030964,257
2023,野村 佑希,日本ハム,0.31591,0.3194960456875,0.3177456992088174,473
2023,野村 勇,ソフトバンク,0.351,0.345529157545,0.2683757137787993,95
2023,野村 大樹,ソフトバンク,0.28808,0.28979096044749997,0.2477856724676779,83
2023,野間 峻祥,広島,0.32072,0.3256446102925,0.3159623393167542,418
2023,金子 侑司,西武,0.2755,0.27736267215500005,0.2101121961984119,91
2023,鈴木 大地,楽天,0.3288,0.33318566742999994,0.3174286105782949,292
2023,鈴木 将平,西武,0.27253,0.2804621683675,0.2676169151757914,267
2023,長岡 秀樹,ヤクルト,0.28004,0.28705632989499996,0.2685025632121307,488
2023,長谷川 信哉,西武,0.25286,0.25104819328,0.2827608794208613,198
2023,長野 久義,広島,0.3152,0.31334018919249995,0.3459452181413663,176
2023,関根 大気,DeNA,0.27987,0.28629440856250005,0.2970056440640087,532
2023,阿部 寿樹,中日,0.31977,0.3195201218575,0.3395522273751442,253
2023,青木 宣親,ヤクルト,0.35597,0.35781852453,0.3344137108699874,264
2023,頓宮 裕真,オリックス,0.33076,0.33105313840999995,0.3909933989476822,451
2023,高橋 周平,中日,0.3138,0.318453169525,0.2479581971490826,172
2023,鵜飼 航丞,中日,0.27849,0.2756117673375,0.1944286987384299,94
2024,ウォーカー,巨人,0.35421,0.353981143775,0.2040262147511563,66
2024,オコエ 瑠偉,巨人,0.28091,0.281033326945,0.3234810791496733,157
2024,オスナ,ヤクルト,0.33085,0.3342191215375,0.3385981936818493,585
2024,オースティン,DeNA,0.41393,0.4095739885275,0.4407465231853419,445
2024,カリステ,中日,0.2947,0.29776723644499997,0.2950091203801889,393
2024,ゴンザレス,オリックス,0.29822,0.2982166894975,0.1784956354276911,65
2024,サンタナ,ヤクルト,0.38467,0.3834196045025,0.4142157063001833,484
2024,セデーニョ,オリックス,0.31981,0.32076230923000004,0.3492630618120107,334
2024,ソト,DeNA,0.3436,0.34003770637,0.3582350658250283,542
2024,ノイジー,阪神,0.29053,0.293186342235,0.2834169087962734,149
2024,フランコ,楽天,0.29709,0.300747971835,0.2745163768626452,243
2024,ブライト 健太,中日,0.30403,0.29915349287000004,0.3214236287580421,51
2024,ポランコ,ロッテ,0.34246,0.3420725911075,0.356140905986058,468
2024,マルティネス,日本ハム,0.34696,0.34444231389499996,0.3456456620106284,459
2024,万波 中正,日本ハム,0.32831,0.32757106708749995,0.3383671493158095,556
2024,三森 大貴,ソフトバンク,0.29482,0.30076511456249994,0.3230692328028809,71
2024,上川畑 大悟,日本ハム,0.29382,0.2948577092875,0.2937660008499648,305
2024,上本 崇司,広島,0.31882,0.3236172636675,0.2319305893852595,146
2024,上林 誠知,ソフトバンク,0.27071,0.27033730147,0.2399624618519472,102
2024,中川 圭太,オリックス,0.33251,0.334830239065,0.2738732323108898,233
2024,中村 剛也,西武,0.33539,0.33251022604,0.2896060277610056,205
2024,中村 奨吾,ロッテ,0.3281,0.32968983272,0.3024523878145799,433
2024,中村 悠平,ヤクルト,0.31266,0.3141497037725,0.2827193852569588,353
2024,中村 晃,ソフトバンク,0.32069,0.323982127755,0.2636772577126413,203
2024,中田 翔,巨人,0.34776,0.34824740214500005,0.262927418453046,225
2024,中野 拓夢,阪神,0.30767,0.309038609475,0.2770057308643971,634
2024,丸 佳浩,巨人,0.36585,0.36712068105749995,0.3544772669920097,595
2024,丸山 和郁,ヤクルト,0.25958,0.25920375742499996,0.2835855808453233,296
2024,五十幡 亮汰,日本ハム,0.25246,0.255729133065,0.1965877520232231,127
2024,京田 陽太,DeNA,0.27426,0.27773901285249997,0.2736457393527581,236
2024,今宮 健太,ソフトバンク,0.30989,0.31580260584500003,0.3292103170793729,538
2024,伊藤 光,DeNA,0.28248,0.28357105522,0.2555919373188924,94
2024,伊藤 裕季也,楽天,0.30748,0.3075127274825001,0.3140225783084469,125
2024,伏見 寅威,日本ハム,0.26221,0.2679612374475,0.2531083253074625,184
2024,佐藤 輝明,阪神,0.35822,0.3543352380925,0.3514890444025231,496
2024,佐藤 都志也,ロッテ,0.27974,0.2817332781775,0.3205264538377628,452
2024,佐藤 龍世,西武,0.30247,0.297420407145,0.3350901721908523,345
2024,佐野 恵太,DeNA,0.35667,0.36068264532499994,0.3271779907876265,566
2024,児玉 亮涼,西武,0.25613,0.25925046952,0.2697883781844356,58
2024,内山 壮真,ヤクルト,0.30247,0.3063063655925,0.2066671587176164,54
2024,前川 右京,阪神,0.31765,0.315911675205,0.33012994267851,362
2024,加藤 豪将,日本ハム,0.29061,0.29263257654,0.2112350042741783,63
2024,原口 文仁,阪神,0.31761,0.314414951545,0.3245964186906471,65
2024,友杉 篤輝,ロッテ,0.27537,0.28104827504499996,0.2248388967323946,393
2024,古賀 悠斗,西武,0.27913,0.27955194890250007,0.2717179117896425,279
2024,吉川 尚輝,巨人,0.31541,0.3205996118100001,0.3341537250754791,602
2024,周東 佑京,ソフトバンク,0.29051,0.29071480798,0.311859414878596,477
2024,和田 康士朗,ロッテ,0.34679,0.343146240445,0.1978706153915114,71
2024,坂倉 将吾,広島,0.35716,0.357534632215,0.341702446591865,462
2024,坂本 勇人,巨人,0.37514,0.37440777290250005,0.2868598379101564,426
2024,坂本 誠志郎,阪神,0.25749,0.25819121937249995,0.2466564290605544,218
2024,堂林 翔太,広島,0.31459,0.31339528286249996,0.2685122173415823,273
2024,塩見 泰隆,ヤクルト,0.36562,0.3652535230425,0.337651830793143,113
2024,増田 珠,ソフトバンク,0.27553,0.275593451775,0.2673980182383514,102
2024,外崎 修汰,西武,0.31867,0.3173147475675,0.3077510955649847,500
2024,大和,DeNA,0.27002,0.276415834595,0.259230805878248,94
2024,大城 卓三,巨人,0.34021,0.33989080965,0.3188016759763196,321
2024,大山 悠輔,阪神,0.37335,0.36722959212499995,0.3381041804419059,545
2024,大島 洋平,中日,0.31844,0.32802116202000003,0.2424884263939091,125
2024,太田 光,楽天,0.29556,0.2925988170525,0.2506683372637302,269
2024,太田 椋,オリックス,0.2615,0.26876523346,0.3450118320309024,369
2024,奈良間 大己,日本ハム,0.2991,0.300045353695,0.1849130100149728,150
2024,宇佐見 真吾,中日,0.30791,0.30811006086750004,0.3453678786538207,164
2024,安田 尚憲,ロッテ,0.32212,0.32020302114000004,0.2766408668481614,174
2024,安田 悠馬,楽天,0.30736,0.303765979295,0.3049924714353315,128
2024,宗 佑磨,オリックス,0.31235,0.316825894645,0.2748875075972227,322
2024,宮崎 敏郎,DeNA,0.38673,0.39105475017749997,0.3787503888275249,469
2024,宮本 丈,ヤクルト,0.3222,0.31989763026499995,0.2824223705286823,164
2024,小園 海斗,広島,0.31739,0.3250622863275,0.3051765132952659,588
2024,小幡 竜平,阪神,0.28109,0.2781484939475,0.2965204583399056,135
2024,小深田 大翔,楽天,0.30677,0.3085523132875,0.2779097008118259,522
2024,小郷 裕哉,楽天,0.31973,0.32008796901250003,0.3268873058179909,642
2024,山口 航輝,ロッテ,0.31907,0.31567671163750005,0.2507021501091319,181
2024,山川 穂高,西武,0.38361,0.38303277042,0.3659239790267646,611
2024,山本 祐大,DeNA,0.29683,0.29937121630749997,0.3349557826462202,403
2024,山田 哲人,ヤクルト,0.35578,0.35296541058249997,0.326733637508788,385
2024,岡 大海,ロッテ,0.34395,0.34474147594500004,0.3742111594591994,420
2024,岡島 豪郎,楽天,0.31717,0.31897745482749995,0.2831204443810366,93
2024,岡本 和真,巨人,0.3922,0.3893106460975,0.3937525355406196,611
2024,岡林 勇希,中日,0.31529,0.31975082887999995,0.2830357499293897,460
2024,岸 潤一郎,西武,0.27613,0.27983973401,0.2725243578861777,311
2024,岸田 行倫,巨人,0.30286,0.30898923753999996,0.2887457419852932,298
2024,島内 宏明,楽天,0.35822,0.35984118715499996,0.27353006300861,154
2024,島田 海吏,阪神,0.26034,0.2616949856775,0.3211718200332321,94
2024,川瀬 晃,ソフトバンク,0.2839,0.29130128505749997,0.2795775588963734,156
2024,川端 慎吾,ヤクルト,0.33555,0.34005766649,0.233694339263799,61
2024,平沼 翔太,西武,0.29871,0.303479329485,0.3059887699806708,144
2024,床田 寛樹,広島,0.31291,0.3146209604475,0.1647098261175871,52
2024,廣岡 大志,巨人,0.29107,0.28571754236499997,0.2452480866824367,119
2024,愛斗,西武,0.27701,0.2827292800825,0.2233712610412994,76
2024,戸柱 恭孝,DeNA,0.30041,0.30284503684,0.2751622117336378,97
2024,戸郷 翔征,巨人,0.16535,0.15831516517749997,0.064486002590426,56
2024,會沢 翼,広島,0.2697,0.270478143875,0.2201678435252642,159
2024,木下 拓哉,中日,0.30717,0.3072101904325,0.2646565151125056,203
2024,木浪 聖也,阪神,0.29175,0.29222026065,0.2652021751554319,409
2024,末包 昇大,広島,0.35845,0.3585015184325,0.3078150327732046,304
2024,杉本 裕太郎,オリックス,0.35438,0.35360757387499997,0.3271270123723023,239
2024,村上 宗隆,ヤクルト,0.43883,0.42923572924,0.3948295203100935,610
2024,村松 開人,中日,0.24096,0.245512590855,0.311367451586345,418
2024,村林 一輝,楽天,0.3009,0.30437193454500006,0.2700093193522562,571
2024,東 克樹,DeNA,0.21796,0.21710327837750004,0.1370596745224343,63
2024,松山 竜平,広島,0.2869,0.28965199462249996,0.2291935790655018,78
2024,松本 剛,日本ハム,0.33297,0.3388605453575,0.2672713447949568,486
2024,林 晃汰,広島,0.30461,0.301801650195,0.2303071521086645,64
2024,林 琢真,DeNA,0.23968,0.24386244103,0.2245729740357549,114
2024,柳田 悠岐,ソフトバンク,0.38843,0.38875727653000003,0.3804235472545407,225
2024,柳町 達,ソフトバンク,0.32833,0.31859161054749996,0.3356864417933084,237
2024,栗原 陵矢,ソフトバンク,0.33552,0.3359018438025,0.3681512423328476,598
2024,栗山 巧,西武,0.31693,0.311606298955,0.3330096142252482,154
2024,桑原 将志,DeNA,0.32803,0.33492902401749997,0.3189880599096272,321
2024,梅野 隆太郎,阪神,0.27148,0.26789949586999995,0.2595704794757892,318
2024,梶原 昂希,DeNA,0.27469,0.27391979072999995,0.3253854647326595,351
2024,森 友哉,オリックス,0.37757,0.37741876959000004,0.3646901874716008,457
2024,森下 翔太,阪神,0.31876,0.31984338814,0.3731951635907486,526
2024,武岡 龍世,ヤクルト,0.25933,0.259512836075,0.2413301610910488,147
2024,水野 達稀,日本ハム,0.25745,0.2525296129225,0.2776504897747405,359
2024,浅村 栄斗,楽天,0.37208,0.36937790328,0.3414267768030811,552
2024,清宮 幸太郎,日本ハム,0.33512,0.33283425927500004,0.4083646816234363,329
2024,渡辺 佳明,楽天,0.27155,0.27461637023499996,0.2705568047322191,154
2024,渡邉 諒,阪神,0.28841,0.289825962655,0.314005430161753,137
2024,渡部 遼人,オリックス,0.28279,0.2797019187025,0.233642324174426,81
2024,源田 壮亮,西武,0.29537,0.29777812408750004,0.3004070022847299,577
2024,炭谷 銀仁朗,楽天,0.2655,0.2714314090775,0.2316231929778569,103
2024,牧 秀悟,DeNA,0.38543,0.390495092765,0.3825104455740302,561
2024,牧原 大成,ソフトバンク,0.30395,0.30984571348,0.3125228572888502,259
2024,田中 広輔,広島,0.30168,0.30071961674750003,0.2276263281158652,108
2024,田村 龍弘,ロッテ,0.24424,0.2470694333925,0.2578090318110179,160
2024,甲斐 拓也,ソフトバンク,0.27568,0.27274415782250006,0.3214203519678293,392
2024,矢野 雅哉,広島,0.25357,0.2505520473275,0.3078482801214789,495
2024,石井 一成,日本ハム,0.28795,0.27979401761500006,0.2977511132241325,219
2024,石川 慎吾,ロッテ,0.36379,0.36783183332999997,0.2397741557805967,93
2024,石川 昂弥,中日,0.30571,0.3110015087425,0.3254592997528532,275
2024,福永 裕基,中日,0.28534,0.2874937349725,0.3650789956929424,402
2024,福田 周平,オリックス,0.30035,0.29929099969500006,0.2874852571666342,261
2024,秋山 翔吾,広島,0.32831,0.33060050257,0.3168756455913852,587
2024,糸原 健斗,阪神,0.29838,0.29646299977499996,0.2711866716079525,128
2024,紅林 弘太郎,オリックス,0.29148,0.29669571381000004,0.291358671343373,523
2024,細川 凌平,日本ハム,0.28296,0.28312443107,0.240572270888365,64
2024,細川 成也,中日,0.35193,0.34799544903749996,0.3896182861272981,600
2024,若月 健矢,オリックス,0.31143,0.3140290930425,0.2391810276837902,299
2024,若林 楽人,西武,0.28605,0.28569984512999996,0.1992156865739948,66
2024,茶谷 健太,ロッテ,0.30643,0.31119940409,0.1656077374853965,76
2024,茶野 篤政,オリックス,0.26986,0.2718978404075,0.2991172889835799,57
2024,荻野 貴司,ロッテ,0.34382,0.351759453995,0.3074875967674725,213
2024,菊池 涼介,広島,0.31062,0.314728435755,0.2901431436279443,497
2024,藤原 恭大,ロッテ,0.28218,0.28415791609,0.3505005091927201,264
2024,藤岡 裕大,ロッテ,0.31986,0.31596651807,0.3358885303492303,369
2024,蛭間 拓哉,西武,0.27382,0.2770142110825001,0.2586106511513388,232
2024,蝦名 達夫,DeNA,0.28153,0.285187946735,0.3194302922664814,253
2024,西川 愛也,西武,0.27653,0.2820407807825,0.2755813435814546,335
2024,西川 遥輝,楽天,0.31603,0.30875437450250004,0.3219620873097508,363
2024,西川 龍馬,広島,0.34755,0.3542867430725,0.2972389366411105,553
2024,西野 真弘,オリックス,0.27986,0.2862612858475,0.3310881765652381,312
2024,角中 勝也,ロッテ,0.33687,0.3376133650275,0.3594253840527603,217
2024,辰己 涼介,楽天,0.33375,0.33384333913750003,0.3559459243653606,597
2024,近本 光司,阪神,0.3514,0.35225822678,0.3436617270687253,639
2024,近藤 健介,ソフトバンク,0.4127,0.40498492739749997,0.4414616047639987,535
2024,野村 佑希,日本ハム,0.3163,0.31401954585499997,0.2622384595138057,152
2024,野村 勇,ソフトバンク,0.32334,0.31634955651249996,0.1834936983331074,50
2024,野村 大樹,ソフトバンク,0.27049,0.2703503914125,0.3289713195384117,204
2024,野間 峻祥,広島,0.32052,0.32436732011749997,0.3276463203972928,443
2024,金子 侑司,西武,0.25617,0.25645086877749995,0.2622305434785023,141
2024,鈴木 大地,楽天,0.32232,0.3258331425125,0.3149980787852081,460
2024,鈴木 将平,西武,0.27346,0.2789930193675,0.2221044316226025,76
2024,長岡 秀樹,ヤクルト,0.27441,0.280153485965,0.3213154292542619,611
2024,長谷川 信哉,西武,0.2745,0.2780397906375,0.2534447253388244,239
2024,長野 久義,巨人,0.30942,0.30691683899500005,0.3046768902064946,98
2024,門脇 誠,巨人,0.29613,0.30022771247999996,0.2869442734226734,405
2024,関根 大気,DeNA,0.29108,0.2980325838175,0.2638055257223625,142
2024,阿部 寿樹,楽天,0.325,0.32355122478500004,0.3276836481019463,254
2024,青木 宣親,ヤクルト,0.32844,0.32718767865000004,0.2661463115929497,129
2024,頓宮 裕真,オリックス,0.36527,0.36667387320750006,0.2986051351477858,290
2024,高橋 周平,中日,0.28597,0.2857238932725,0.304420662234145,190
2025,オコエ 瑠偉,巨人,0.309,0.310028279535,0.2795880548626254,140
2025,オスナ,ヤクルト,0.33719,0.3403873526575,0.3143935384148543,574
2025,オースティン,DeNA,0.42302,0.42149345986250003,0.3798269892853146,246
2025,カリステ,中日,0.29493,0.300001781145,0.2676771891896448,192
2025,ゴンザレス,オリックス,0.27666,0.2783881058925,0.2623704946978233,208
2025,サンタナ,ヤクルト,0.39598,0.3925376126125,0.3411904410794532,240
2025,ジャクソン,DeNA,0.20361,0.1911386607,0.11721168213954,51
2025,セデーニョ,オリックス,0.33823,0.3351675681175,0.2935234973710742,243
2025,ソト,ロッテ,0.35197,0.349996739995,0.319997663306793,367
2025,フランコ,楽天,0.28711,0.29084081964,0.2869406994186698,347
2025,ブライト 健太,中日,0.30969,0.3030776484475,0.3493888947327778,157
2025,ヘルナンデス,巨人,0.35927,0.3589952898775,0.2862188340312062,171
2025,ヘルナンデス,巨人,0.35927,0.3589952898775,0.2534626503593878,101
2025,ポランコ,ロッテ,0.34751,0.3468689758175,0.2819365220449153,154
2025,マルティネス,日本ハム,0.34577,0.34236833113,0.2153305621294005,73
2025,レイエス,日本ハム,0.40159,0.39933736686,0.388889439097306,531
2025,万波 中正,日本ハム,0.33537,0.33563825639749995,0.3353528671183384,465
2025,三森 大貴,ソフトバンク,0.30571,0.310606915445,0.2649878523127971,179
2025,上川畑 大悟,日本ハム,0.29324,0.2972442340425,0.2321023408703764,81
2025,上林 誠知,中日,0.26259,0.26299340963249995,0.3349018756991199,517
2025,上田 希由翔,ロッテ,0.29611,0.30314544289499995,0.2843443923482496,184
2025,中島 大輔,楽天,0.2823,0.28958031419999997,0.2956493668676819,491
2025,中川 圭太,オリックス,0.32569,0.33237790105,0.3381497990593173,463
2025,中村 剛也,西武,0.31644,0.31444613829750007,0.3374557034127208,110
2025,中村 奨吾,ロッテ,0.31099,0.311141071375,0.2474065889715168,64
2025,中村 奨成,広島,0.2081,0.21449557440249997,0.3452156679772874,368
2025,中村 悠平,ヤクルト,0.29578,0.29768725020750003,0.2880357359730826,221
2025,中村 晃,ソフトバンク,0.30844,0.3112190086525,0.3052172960705504,431
2025,中田 翔,中日,0.32562,0.3314296110075,0.2505191570481345,69
2025,中野 拓夢,阪神,0.297,0.2999607909525,0.3123674051176672,625
2025,丸 佳浩,巨人,0.35677,0.35646584418,0.343735367561551,369
2025,二俣 翔一,広島,0.26457,0.2653510455375,0.2575248003938348,130
2025,五十幡 亮汰,日本ハム,0.23171,0.23152839251250004,0.2834817060969289,307
2025,京田 陽太,DeNA,0.27107,0.27416621484,0.2508713859349905,210
2025,今宮 健太,ソフトバンク,0.32589,0.3273506787475,0.3091840557787485,182
2025,伊藤 裕季也,楽天,0.30963,0.3098654462275,0.277516427800834,130
2025,伏見 寅威,日本ハム,0.25762,0.2654309870375,0.2836631932407867,175
2025,佐々木 俊輔,巨人,0.27111,0.269381030385,0.27667828713025,161
2025,佐藤 直樹,ソフトバンク,0.26063,0.2582777601875,0.3180716758952217,212
2025,佐藤 輝明,阪神,0.35947,0.35711916481749995,0.4119583281764889,597
2025,佐藤 都志也,ロッテ,0.29755,0.3030750711075,0.2806337850858519,224
2025,佐藤 龍世,西武,0.32518,0.3228967555225,0.2524809263987954,77
2025,佐野 恵太,DeNA,0.33978,0.34638700009499995,0.3330525822035938,569
2025,元山 飛優,西武,0.22396,0.226081650825,0.1852095714212741,93
2025,児玉 亮涼,西武,0.26158,0.263282314435,0.2269693083318969,53
2025,内山 壮真,ヤクルト,0.29023,0.293729218335,0.3281031353133187,470
2025,前川 右京,阪神,0.32656,0.33003443377249997,0.2895504465795848,209
2025,加藤 匠馬,中日,0.21749,0.2181707347125,0.2562093340016859,75
2025,友杉 篤輝,ロッテ,0.24256,0.24895996003249998,0.2657416029582675,319
2025,古賀 悠斗,西武,0.276,0.27650375427999996,0.2987612654960461,328
2025,吉川 尚輝,巨人,0.32408,0.32980061887,0.3278176572014912,455
2025,周東 佑京,ソフトバンク,0.30591,0.30875659966249996,0.3337860495009828,430
2025,坂倉 将吾,広島,0.34559,0.3480839008,0.3217731705628416,399
2025,坂本 勇人,巨人,0.33945,0.342450607225,0.2783215642402288,173
2025,坂本 誠志郎,阪神,0.25497,0.2584333867925,0.3271943200219431,414
2025,堂林 翔太,広島,0.3074,0.30728234549,0.263039139725862,77
2025,増田 珠,ヤクルト,0.27224,0.2743068701425,0.3036969860157771,132
2025,外崎 修汰,西武,0.31648,0.31690016469250004,0.2945378705645076,415
2025,大城 卓三,巨人,0.33983,0.3389018985525,0.2600601228388535,99
2025,大山 悠輔,阪神,0.36486,0.36549103108500003,0.3536753327540395,587
2025,大島 洋平,中日,0.30637,0.31237488549750003,0.2377746378743003,98
2025,大里 昂生,オリックス,0.30021,0.30282074191749997,0.2776972904093971,101
2025,太田 光,楽天,0.28705,0.2891789778675,0.2596230470021496,231
2025,太田 椋,オリックス,0.32972,0.33143594407,0.3287492819305544,496
2025,太田 賢吾,ヤクルト,0.28518,0.28674329737000004,0.2660964067947761,131
2025,奈良間 大己,日本ハム,0.24964,0.2526910702975,0.2702019401242486,103
2025,安田 尚憲,ロッテ,0.31399,0.31110246841750006,0.279736372712431,350
2025,宗 佑磨,オリックス,0.29614,0.3041830894825,0.2965725339422674,388
2025,宮崎 敏郎,DeNA,0.38872,0.39263345887,0.33428671520186,352
2025,宮本 丈,ヤクルト,0.30039,0.30384158855750004,0.3231801921292231,106
2025,小園 海斗,広島,0.31062,0.31830622716,0.3485932841619505,573
2025,小川 龍成,ロッテ,0.27533,0.2757090668225,0.2830811075945347,202
2025,小幡 竜平,阪神,0.28938,0.288787791895,0.2703223988130035,297
2025,小深田 大翔,楽天,0.29625,0.29817488159749994,0.2761847693350976,357
2025,小郷 裕哉,楽天,0.32604,0.32460632280999996,0.2437618569000366,193
2025,山口 航輝,ロッテ,0.3056,0.30944116634249996,0.3406619937855074,112
2025,山川 穂高,ソフトバンク,0.37741,0.3749923924075,0.323235266040751,496
2025,山本 泰寛,中日,0.28481,0.28537088089999996,0.2701009950558869,372
2025,山本 祐大,DeNA,0.33373,0.33952586905,0.3029857131182456,344
2025,山村 崇嘉,西武,0.26736,0.27072787310499996,0.2978983088040657,231
2025,山田 哲人,ヤクルト,0.33522,0.3331581586975,0.3161640215665068,377
2025,岡 大海,ロッテ,0.35942,0.35967688655749996,0.342629734925074,181
2025,岡本 和真,巨人,0.39414,0.39382655315250004,0.4534313307651994,293
2025,岡林 勇希,中日,0.30547,0.3100775876175,0.3371809006411949,637
2025,岩田 幸宏,ヤクルト,0.27035,0.2756390983725,0.2996094263529072,401
2025,岸田 行倫,巨人,0.29209,0.2976217394975,0.3560434065788374,299
2025,川瀬 晃,ソフトバンク,0.28237,0.2876401927575,0.3208622360591473,224
2025,平沼 翔太,西武,0.30644,0.3105328756725,0.2308706321289477,164
2025,床田 寛樹,広島,0.25351,0.2634736853475,0.2769754601053157,57
2025,度会 隆輝,DeNA,0.29979,0.30492857033250004,0.3065860920769608,301
2025,廣岡 大志,オリックス,0.26387,0.2608998586125,0.309348086225214,453
2025,廣瀨 隆太,ソフトバンク,0.29143,0.2967174489075,0.2644843610079369,94
2025,戸柱 恭孝,DeNA,0.29931,0.3039773772975,0.2702937260499564,100
2025,才木 浩人,阪神,0.22058,0.2064252401375,0.0697788526914557,54
2025,木下 拓哉,中日,0.28861,0.29511386180750004,0.2862692246710004,122
2025,木浪 聖也,阪神,0.28155,0.28386797470499997,0.2442758718099042,203
2025,末包 昇大,広島,0.32741,0.3273394197725,0.306878708235691,477
2025,杉本 裕太郎,オリックス,0.32826,0.3283023365775,0.3467838524369119,455
2025,村上 宗隆,ヤクルト,0.42044,0.4084015991525,0.4568116004813324,224
2025,村松 開人,中日,0.28356,0.28551870947499997,0.2367443876877839,186
2025,村林 一輝,楽天,0.28088,0.286582195495,0.3003921959703368,557
2025,来田 涼斗,オリックス,0.27701,0.27673767603,0.2784704551329771,135
2025,松本 剛,日本ハム,0.30804,0.31508775948749995,0.2499203631156464,185
2025,板山 祐太郎,中日,0.29753,0.2990220946425,0.2518188878893389,193
2025,林 琢真,DeNA,0.23509,0.23560000855000002,0.2858795510854667,290
2025,柳田 悠岐,ソフトバンク,0.37972,0.37531641904499996,0.3746667402434499,78
2025,柳町 達,ソフトバンク,0.3311,0.3296131856275,0.3569286085788218,517
2025,栗原 陵矢,ソフトバンク,0.34871,0.350295726595,0.352907752607985,332
2025,桑原 将志,DeNA,0.31227,0.31738624182,0.339509425269717,447
2025,梅野 隆太郎,阪神,0.26375,0.25973738244,0.2485981858108066,132
2025,梶原 昂希,DeNA,0.31606,0.317664914175,0.2831716824012966,170
2025,森 友哉,オリックス,0.36664,0.367374183155,0.2924489494966742,191
2025,森 敬斗,DeNA,0.28748,0.28864697633,0.1643284573362264,75
2025,森下 暢仁,広島,0.25462,0.2585185780625,0.1137301470264844,50
2025,森下 翔太,阪神,0.35155,0.35233503587500004,0.3704465667875499,620
2025,正木 智也,ソフトバンク,0.34006,0.3422934020775,0.3067500244995336,65
2025,武岡 龍世,ヤクルト,0.25219,0.2522384031175,0.2305273607001845,119
2025,水谷 瞬,日本ハム,0.35286,0.3536646521274999,0.3585110782669051,321
2025,水野 達稀,日本ハム,0.2743,0.27699509491499996,0.3297374642898587,332
2025,泉口 友汰,巨人,0.27281,0.27474460139,0.3493960379713547,573
2025,浅野 翔吾,巨人,0.3131,0.3176326719675,0.2613698799508605,83
2025,海野 隆司,ソフトバンク,0.25605,0.2564514974025,0.2475412105870265,281
2025,清宮 幸太郎,日本ハム,0.35948,0.35896767683249997,0.3320370809988546,577
2025,渡辺 佳明,楽天,0.26457,0.26689625287499996,0.2906765316209368,166
2025,源田 壮亮,西武,0.296,0.3014723294225,0.2555645717846447,361
2025,滝沢 夏央,西武,0.24575,0.24686978048499997,0.255502731092103,438
2025,炭谷 銀仁朗,西武,0.25976,0.26203548240249996,0.2589033347014675,88
2025,牧 秀悟,DeNA,0.38213,0.38785616098500003,0.363290620492763,391
2025,牧原 大成,ソフトバンク,0.30614,0.3123911067475,0.3286182309489745,443
2025,田中 幹也,中日,0.26583,0.2708702185175,0.3039897816352871,365
2025,田宮 裕涼,日本ハム,0.32296,0.3246454946925,0.3007420443727169,274
2025,田村 俊介,広島,0.25273,0.2547547899225,0.3054668633976649,69
2025,甲斐 拓也,ソフトバンク,0.28794,0.28693295784250006,0.3089160490435059,250
2025,矢野 雅哉,広島,0.29245,0.29195460136999996,0.2592161143265976,335
2025,石上 泰輝,DeNA,0.25987,0.25967513311000007,0.3096557672669685,158
2025,石井 一成,日本ハム,0.29399,0.296669222945,0.3160373278469276,364
2025,石原 貴規,広島,0.29928,0.30510114740750005,0.2265820689794052,116
2025,福永 裕基,中日,0.33113,0.33219731813500003,0.2383935358992313,57
2025,福田 周平,オリックス,0.29043,0.2938813610925,0.1993478984561689,64
2025,秋山 翔吾,広島,0.32201,0.3264485776725,0.2989433515344896,157
2025,筒香 嘉智,DeNA,0.31386,0.30795348769249997,0.393115437532147,257
2025,糸原 健斗,阪神,0.28241,0.2814343417125,0.2196152349315501,75
2025,紅林 弘太郎,オリックス,0.2957,0.29934481747999997,0.3238299194886183,447
2025,細川 成也,中日,0.37207,0.3675380260125,0.3895984211210284,428
2025,緒方 理貢,ソフトバンク,0.27222,0.27137539616999995,0.2396833459001036,79
2025,若月 健矢,オリックス,0.28133,0.28556484279,0.3173881091840728,400
2025,若林 楽人,巨人,0.26731,0.273811771605,0.3029816949652856,241
2025,茂木 栄五郎,楽天,0.31746,0.319982642135,0.3243935611480444,172
2025,菊池 涼介,広島,0.29557,0.30107178321,0.2835485734415239,389
2025,藤原 恭大,ロッテ,0.30651,0.30783534058,0.3235263131509365,452
2025,藤岡 裕大,ロッテ,0.33299,0.33133734076,0.3247503856273403,373
2025,蝦名 達夫,DeNA,0.30314,0.3043154364175,0.3554849051456514,401
2025,西川 愛也,西武,0.27618,0.280706576465,0.3242187472252473,553
2025,西川 遥輝,ヤクルト,0.31621,0.31655416443499995,0.2474263704210228,134
2025,西川 龍馬,オリックス,0.32714,0.3310806904125,0.3462847461345861,412
2025,西野 真弘,オリックス,0.30933,0.31567623167250003,0.3541825111354902,252
2025,角中 勝也,ロッテ,0.3538,0.35272589668750004,0.2641870762259872,53
2025,赤羽 由紘,ヤクルト,0.29929,0.3028054903925,0.2532628942133968,290
2025,辰己 涼介,楽天,0.34669,0.34826669644499997,0.3131396878645252,422
2025,近本 光司,阪神,0.34704,0.34747197506000005,0.3274334661264543,638
2025,近藤 健介,ソフトバンク,0.42663,0.42166189275,0.412340771044636,307
2025,郡司 裕也,日本ハム,0.32204,0.32474157133,0.3691919306316008,422
2025,野村 佑希,日本ハム,0.30914,0.3129099190525,0.3331517746395524,369
2025,野村 勇,ソフトバンク,0.29731,0.2867008635725,0.3366081264821226,413
2025,野間 峻祥,広島,0.32519,0.32771364454,0.2750203008283053,166
2025,鈴木 大地,楽天,0.31684,0.3244586865125,0.3078242568487473,198
2025,長岡 秀樹,ヤクルト,0.2954,0.30226153683,0.2671066125109436,261
2025,長谷川 信哉,西武,0.26467,0.266186400785,0.2839937927935391,450
2025,門脇 誠,巨人,0.29099,0.2922376442575,0.2580066199853738,176
2025,頓宮 裕真,オリックス,0.34569,0.3434365448175,0.3198436572148321,525
2025,高橋 周平,中日,0.28465,0.285308844635,0.2703187956097265,101
2025,高部 瑛斗,ロッテ,0.31974,0.3233859840225,0.3170585341084845,384
2025,黒川 史陽,楽天,0.28337,0.2846630470025,0.3477349103095666,343
